Label,area_0,area_1,area_2,area_3,area_4
Parasitized,175.5,126,131,8902.5,0
Parasitized,222,9847.5,0,0,0
Parasitized,179.5,256.5,12413,0,0
Parasitized,18,187.5,9306.5,0,0
Parasitized,142.5,156.5,6669.5,0,0
Parasitized,138.5,11861.5,0,0,0
Parasitized,152,10117,0,0,0
Parasitized,71,108,15554,0,0
Parasitized,10340,0,0,0,0
Parasitized,121,14125,0,0,0
Parasitized,62,16.5,11089.5,0,0
Parasitized,20,11977.5,0,0,0
Parasitized,24,255.5,15,14765,0
Parasitized,323.5,10981,0,0,0
Parasitized,238.5,12020.5,0,0,0
Parasitized,169,180,15965,0,0
Parasitized,0,5.5,3210,8690,0
Parasitized,12119,0,0,0,0
Parasitized,298.5,14208,0,0,0
Parasitized,10270.5,0,0,0,0
Parasitized,322.5,12079.5,0,0,0
Parasitized,154.5,15882.5,0,0,0
Parasitized,5177,9470,0,0,0
Parasitized,20.5,13677,0,0,0
Parasitized,235,60,21.5,14438.5,0
Parasitized,12133,0,0,0,0
Parasitized,205,12621.5,0,0,0
Parasitized,86.5,21.5,11,31,279.5
Parasitized,10053,0,0,0,0
Parasitized,15512,0,0,0,0
Parasitized,246.5,11868.5,0,0,0
Parasitized,104,11844.5,0,0,0
Parasitized,2820.5,2.5,7099.5,0,0
Parasitized,50,48,15570.5,0,0
Parasitized,16.5,253,28.5,6575,0
Parasitized,192.5,14941.5,0,0,0
Parasitized,15,194,14111.5,0,0
Parasitized,62.5,41,44,55,32
Parasitized,2,89,12135.5,0,0
Parasitized,464.5,10744.5,0,0,0
Parasitized,316.5,299,10957,0,0
Parasitized,193,13735,0,0,0
Parasitized,8856.5,0,0,0,0
Parasitized,10,132,12.5,259.5,12990.5
Parasitized,256.5,5.5,18396,0,0
Parasitized,123.5,35.5,9967,0,0
Parasitized,21,7,39,10420,0
Parasitized,156,11394,0,0,0
Parasitized,261,10485,0,0,0
Parasitized,22.5,214.5,10747,0,0
Parasitized,45,132,8908.5,0,0
Parasitized,19.5,288,120,14772,0
Parasitized,33.5,15,130,13200.5,0
Parasitized,89,66.5,10638,0,0
Parasitized,46,112,13043,0,0
Parasitized,122,11143,0,0,0
Parasitized,80.5,22.5,18624.5,0,0
Parasitized,275.5,11070.5,0,0,0
Parasitized,399.5,72,8068.5,0,0
Parasitized,192,11128.5,0,0,0
Parasitized,222,14806.5,0,0,0
Parasitized,55.5,91.5,14267.5,0,0
Parasitized,11741,0,0,0,0
Parasitized,199.5,170.5,0,1801,25
Parasitized,2,108,63.5,77.5,11065
Parasitized,207.5,8008,0,0,0
Parasitized,290,11788,0,0,0
Parasitized,108,11369.5,0,0,0
Parasitized,16163,0,0,0,0
Parasitized,11153.5,0,0,0,0
Parasitized,73.5,110,13010,0,0
Parasitized,123,14173.5,0,0,0
Parasitized,114.5,10,92,210.5,16187
Parasitized,7897.5,0,0,0,0
Parasitized,74,20,10498.5,0,0
Parasitized,130,9646,0,0,0
Parasitized,9435.5,0,0,0,0
Parasitized,2,16256,0,0,0
Parasitized,1.5,1,0,48.5,0.5
Parasitized,508,11644,0,0,0
Parasitized,143,12297.5,0,0,0
Parasitized,225.5,15360.5,0,0,0
Parasitized,184.5,10297,0,0,0
Parasitized,98,8.5,13866,0,0
Parasitized,398.5,14069,0,0,0
Parasitized,152.5,11744,0,0,0
Parasitized,133.5,13391,0,0,0
Parasitized,1148.5,173.5,318.5,1275,1102.5
Parasitized,176,10926,0,0,0
Parasitized,77.5,35.5,13.5,132,2
Parasitized,80,163.5,9806.5,0,0
Parasitized,123,11718,0,0,0
Parasitized,52.5,23.5,10409,0,0
Parasitized,217,0,49,62,0
Parasitized,12250.5,0,0,0,0
Parasitized,161,43,9531,0,0
Parasitized,9958.5,0,0,0,0
Parasitized,113,11858.5,0,0,0
Parasitized,500,9490.5,0,0,0
Parasitized,866,12839,0,0,0
Parasitized,162,13843,0,0,0
Parasitized,8.5,136,19091,0,0
Parasitized,139.5,15859,0,0,0
Parasitized,177.5,46,10445.5,0,0
Parasitized,23,146,14346,0,0
Parasitized,142,15765.5,0,0,0
Parasitized,11252.5,0,0,0,0
Parasitized,62,12628.5,0,0,0
Parasitized,10619.5,0,0,0,0
Parasitized,273,10612,0,0,0
Parasitized,42.5,45,11480.5,0,0
Parasitized,630,9318,0,0,0
Parasitized,35.5,189,377,9640.5,0
Parasitized,107.5,10751.5,0,0,0
Parasitized,145.5,13306.5,0,0,0
Parasitized,155,14084.5,0,0,0
Parasitized,22,25.5,382,27.5,10555.5
Parasitized,99,72.5,16033,0,0
Parasitized,28.5,0,9695.5,0,0
Parasitized,189.5,13439.5,0,0,0
Parasitized,49.5,319.5,11895,0,0
Parasitized,97.5,7,15,119,199.5
Parasitized,145,12598.5,0,0,0
Parasitized,12052,0,0,0,0
Parasitized,2,197.5,15167.5,0,0
Parasitized,441.5,4887.5,10228.5,0,0
Parasitized,126,15994,0,0,0
Parasitized,190,12.5,9955.5,0,0
Parasitized,55,189,10191,0,0
Parasitized,135.5,14175.5,0,0,0
Parasitized,130,12.5,184.5,10031.5,0
Parasitized,76,43.5,57.5,15234.5,0
Parasitized,186,208,9054,0,0
Parasitized,82.5,22.5,15.5,92.5,11300
Parasitized,129,82.5,17241,0,0
Parasitized,7698,0,0,0,0
Parasitized,121,15501,0,0,0
Parasitized,40.5,184,14563,0,0
Parasitized,330,7,8280.5,0,0
Parasitized,101.5,14503.5,0,0,0
Parasitized,8123,0,0,0,0
Parasitized,8.5,292,10632,0,0
Parasitized,121.5,11212.5,0,0,0
Parasitized,64.5,220.5,9258.5,0,0
Parasitized,46,58,14301,0,0
Parasitized,114.5,14842,0,0,0
Parasitized,123,20.5,37.5,5,2773.5
Parasitized,261,11984.5,0,0,0
Parasitized,31,200,11465.5,0,0
Parasitized,85.5,2087.5,0,0,0
Parasitized,236.5,94.5,5.5,126.5,43.5
Parasitized,106,8957,0,0,0
Parasitized,126.5,61,16089.5,0,0
Parasitized,11468,0,0,0,0
Parasitized,27.5,79,8593,0,0
Parasitized,11431,0,0,0,0
Parasitized,108.5,12486.5,0,0,0
Parasitized,19217,0,0,0,0
Parasitized,182.5,14,14503.5,0,0
Parasitized,70,144,15899.5,0,0
Parasitized,251.5,9644.5,0,0,0
Parasitized,73.5,101.5,0,140,17.5
Parasitized,24,93.5,47.5,0,0
Parasitized,141,15097,0,0,0
Parasitized,1.5,1.5,0.5,11.5,4.5
Parasitized,115,13133,0,0,0
Parasitized,279.5,10006.5,0,0,0
Parasitized,179.5,10750,0,0,0
Parasitized,70.5,83.5,14080.5,0,0
Parasitized,157,12825.5,0,0,0
Parasitized,196.5,8.5,60.5,13.5,10
Parasitized,117,6,66,10280,0
Parasitized,176,9544.5,0,0,0
Parasitized,136,11620,0,0,0
Parasitized,168,161,24,13425.5,0
Parasitized,32,75,408,50,10219.5
Parasitized,134,15168,0,0,0
Parasitized,89.5,13788,0,0,0
Parasitized,7143,0,0,0,0
Parasitized,93.5,17043.5,0,0,0
Parasitized,160.5,105.5,2,14535.5,0
Parasitized,50,95.5,14312.5,0,0
Parasitized,90.5,4,48,42.5,443.5
Parasitized,25.5,31,2,10865.5,0
Parasitized,339,13603.5,0,0,0
Parasitized,464,6961,9153,0,0
Parasitized,4,16.5,13778,0,0
Parasitized,218,28.5,14318.5,0,0
Parasitized,50,12904.5,0,0,0
Parasitized,20,8.5,144.5,11,86
Parasitized,181,8943.5,0,0,0
Parasitized,70.5,16629,0,0,0
Parasitized,129.5,13789.5,0,0,0
Parasitized,347,7,16.5,13038.5,0
Parasitized,14440,0,0,0,0
Parasitized,85.5,14379.5,0,0,0
Parasitized,225,14264,0,0,0
Parasitized,0,2.5,19.5,5.5,1144.5
Parasitized,191.5,11904,0,0,0
Parasitized,115,128.5,14717.5,0,0
Parasitized,229.5,12426,0,0,0
Parasitized,171.5,13392.5,0,0,0
Parasitized,148.5,13563,0,0,0
Parasitized,37,166.5,7960.5,0,0
Parasitized,145,11958,0,0,0
Parasitized,138.5,397.5,14609,0,0
Parasitized,148,76.5,14716,0,0
Parasitized,373.5,13335.5,0,0,0
Parasitized,308,10804,0,0,0
Parasitized,8917.5,0,0,0,0
Parasitized,34,139,11906.5,0,0
Parasitized,178,171.5,368,22.5,4726.5
Parasitized,113.5,21271,0,0,0
Parasitized,116.5,80,16852,0,0
Parasitized,212,40,15,11501,0
Parasitized,10,40.5,12.5,70,828
Parasitized,39,12944.5,0,0,0
Parasitized,123.5,94.5,15757,0,0
Parasitized,6128.5,0,0,0,0
Parasitized,192,4,16649.5,0,0
Parasitized,121.5,14787.5,0,0,0
Parasitized,11899,0,0,0,0
Parasitized,253.5,119.5,4,6709,0
Parasitized,236,10348.5,0,0,0
Parasitized,4692.5,0,0,0,0
Parasitized,47.5,749,12297,0,0
Parasitized,94,573.5,5.5,10320.5,0
Parasitized,252,16683.5,0,0,0
Parasitized,22.5,7,32.5,216.5,14783.5
Parasitized,5.5,83,60,95.5,11365.5
Parasitized,11,10764.5,0,0,0
Parasitized,97,11111,0,0,0
Parasitized,15130,0,0,0,0
Parasitized,144.5,15736,0,0,0
Parasitized,12546.5,0,0,0,0
Parasitized,198,13498.5,0,0,0
Parasitized,77,15750.5,0,0,0
Parasitized,323.5,9.5,1,0.5,11
Parasitized,138.5,16347.5,0,0,0
Parasitized,153.5,103,16380.5,0,0
Parasitized,61.5,83,122,14745.5,0
Parasitized,849.5,14980,0,0,0
Parasitized,347,0,229,15,0
Parasitized,43,5.5,0,0,0
Parasitized,163.5,7366.5,0,0,0
Parasitized,147.5,13642.5,0,0,0
Parasitized,11,28.5,277.5,15911,0
Parasitized,96,9344,0,0,0
Parasitized,148,38,291.5,11401,0
Parasitized,157.5,10565,0,0,0
Parasitized,131.5,11531.5,0,0,0
Parasitized,17.5,2,5.5,4,11
Parasitized,2.5,3104.5,0,0,0
Parasitized,18.5,100.5,11409,0,0
Parasitized,113.5,10767,0,0,0
Parasitized,478,3029.5,10073,0,0
Parasitized,231,620,96.5,246,31
Parasitized,165,5290,10543,0,0
Parasitized,23.5,1.5,7654,0,0
Parasitized,184.5,15431,0,0,0
Parasitized,94.5,16720,0,0,0
Parasitized,88.5,118.5,11515,0,0
Parasitized,181.5,8187,0,0,0
Parasitized,167.5,58,10495,0,0
Parasitized,316,7865.5,0,0,0
Parasitized,306.5,189,203.5,13223.5,0
Parasitized,158,22.5,142,128,12769
Parasitized,122.5,13345,7,0,0
Parasitized,191,413.5,8840.5,0,0
Parasitized,157,208,12778.5,0,0
Parasitized,4,70.5,20,171.5,41
Parasitized,10,213,10420.5,0,0
Parasitized,39.5,8666,0,0,0
Parasitized,20,287.5,7716.5,0,0
Parasitized,190.5,234,14458,0,0
Parasitized,38,313.5,11630,0,0
Parasitized,274.5,12426,0,0,0
Parasitized,15435.5,0,0,0,0
Parasitized,10050,0,0,0,0
Parasitized,122,17219.5,0,0,0
Parasitized,193.5,70.5,14,225.5,44.5
Parasitized,164.5,22.5,15,17755.5,0
Parasitized,9536.5,0,0,0,0
Parasitized,173.5,39.5,9299.5,0,0
Parasitized,11.5,42,11554.5,0,0
Parasitized,259,12586,0,0,0
Parasitized,21.5,236,12190,0,0
Parasitized,119.5,10218,0,0,0
Parasitized,251.5,12480.5,0,0,0
Parasitized,11872,0,0,0,0
Parasitized,2,46.5,42.5,14,64
Parasitized,200,8282.5,0,0,0
Parasitized,209.5,15191,0,0,0
Parasitized,135.5,12763.5,0,0,0
Parasitized,89.5,13974,0,0,0
Parasitized,45,311,217,49,8773
Parasitized,201.5,4763,0,0,0
Parasitized,102,89.5,13123.5,0,0
Parasitized,81,2,13969.5,0,0
Parasitized,0,1214,0,1093,5
Parasitized,28.5,8937,0,0,0
Parasitized,173,15291.5,0,0,0
Parasitized,21,5.5,43.5,270.5,14555
Parasitized,322.5,17.5,40.5,0,4
Parasitized,84.5,7.5,72.5,14080,0
Parasitized,172.5,13987.5,0,0,0
Parasitized,33.5,53,46.5,40.5,144.5
Parasitized,259,15828.5,0,0,0
Parasitized,44,214.5,7731,0,0
Parasitized,97,0,0,6631,11627
Parasitized,12.5,6,168,285.5,16294
Parasitized,184,15667.5,0,0,0
Parasitized,94,136,14661,0,0
Parasitized,148.5,11777,0,0,0
Parasitized,67,98,12957.5,0,0
Parasitized,19.5,214,9985.5,0,0
Parasitized,146,11480.5,0,0,0
Parasitized,77.5,12929,0,0,0
Parasitized,0,77,12560.5,0,0
Parasitized,74.5,9695,0,0,0
Parasitized,176,33,171.5,71.5,133.5
Parasitized,201,12934,0,0,0
Parasitized,128,23145.5,0,0,0
Parasitized,129,9162.5,0,0,0
Uninfected,14647,0,0,0,0
Uninfected,5568.5,0,0,0,0
Uninfected,12307.5,0,0,0,0
Uninfected,7205.5,0,0,0,0
Uninfected,11230,0,0,0,0
Uninfected,13597,0,0,0,0
Uninfected,10837,0,0,0,0
Uninfected,1.5,13757.5,0,0,0
Uninfected,13434,0,0,0,0
Uninfected,10634.5,0,0,0,0
Uninfected,18346.5,0,0,0,0
Uninfected,12768.5,0,0,0,0
Uninfected,8784.5,0,0,0,0
Uninfected,12476.5,0,0,0,0
Uninfected,14236.5,0,0,0,0
Uninfected,9940.5,0,0,0,0
Uninfected,14591.5,0,0,0,0
Uninfected,13705.5,0,0,0,0
Uninfected,10962,0,0,0,0
Uninfected,15466,0,0,0,0
Uninfected,10986.5,0,0,0,0
Uninfected,11947,0,0,0,0
Uninfected,12835,0,0,0,0
Uninfected,38.5,16225.5,0,0,0
Uninfected,13018.5,0,0,0,0
Uninfected,10576,0,0,0,0
Uninfected,9168.5,0,0,0,0
Uninfected,7922.5,0,0,0,0
Uninfected,11724.5,0,0,0,0
Uninfected,48,221.5,12.5,5.5,11442
Uninfected,11171,0,0,0,0
Uninfected,14647,0,0,0,0
Uninfected,5568.5,0,0,0,0
Uninfected,12307.5,0,0,0,0
Uninfected,7205.5,0,0,0,0
Uninfected,11230,0,0,0,0
Uninfected,13597,0,0,0,0
Uninfected,10837,0,0,0,0
Uninfected,1.5,13757.5,0,0,0
Uninfected,13434,0,0,0,0
Uninfected,10634.5,0,0,0,0
Uninfected,18346.5,0,0,0,0
Uninfected,12768.5,0,0,0,0
Uninfected,8784.5,0,0,0,0
Uninfected,12476.5,0,0,0,0
Uninfected,14236.5,0,0,0,0
Uninfected,9940.5,0,0,0,0
Uninfected,14591.5,0,0,0,0
Uninfected,13705.5,0,0,0,0
Uninfected,10962,0,0,0,0
Uninfected,15466,0,0,0,0
Uninfected,10986.5,0,0,0,0
Uninfected,11947,0,0,0,0
Uninfected,12835,0,0,0,0
Uninfected,38.5,16225.5,0,0,0
Uninfected,13018.5,0,0,0,0
Uninfected,10576,0,0,0,0
Uninfected,9168.5,0,0,0,0
Uninfected,7922.5,0,0,0,0
Uninfected,11724.5,0,0,0,0
Uninfected,48,221.5,12.5,5.5,11442
Uninfected,11171,0,0,0,0
Uninfected,8098,0,0,0,0
Uninfected,8965,0,0,0,0
Uninfected,11479.5,0,0,0,0
Uninfected,10649.5,0,0,0,0
Uninfected,12144,0,0,0,0
Uninfected,10888,0,0,0,0
Uninfected,51.5,16904,0,0,0
Uninfected,11916.5,0,0,0,0
Uninfected,14082,0,0,0,0
Uninfected,10008,0,0,0,0
Uninfected,9089.5,0,0,0,0
Uninfected,11415.5,0,0,0,0
Uninfected,12266.5,0,0,0,0
Uninfected,8600.5,0,0,0,0
Uninfected,14206,0,0,0,0
Uninfected,10275.5,0,0,0,0
Uninfected,11481.5,0,0,0,0
Uninfected,14605,0,0,0,0
Uninfected,12182.5,0,0,0,0
Uninfected,11627.5,0,0,0,0
Uninfected,15395,0,0,0,0
Uninfected,12264,0,0,0,0
Uninfected,14268.5,0,0,0,0
Uninfected,12489.5,0,0,0,0
Uninfected,11239.5,0,0,0,0
Uninfected,16829.5,0,0,0,0
Uninfected,13953,0,0,0,0
Uninfected,15338,0,0,0,0
Uninfected,12239,0,0,0,0
Uninfected,10279,0,0,0,0
Uninfected,9049.5,0,0,0,0
Uninfected,15747,0,0,0,0
Uninfected,14209,0,0,0,0
Uninfected,10882,0,0,0,0
Uninfected,6676.5,0,0,0,0
Uninfected,10932,0,0,0,0
Uninfected,11962.5,0,0,0,0
Uninfected,10821.5,0,0,0,0
Uninfected,13846.5,0,0,0,0
Uninfected,9022.5,0,0,0,0
Uninfected,12292.5,0,0,0,0
Uninfected,4374.5,0,0,0,0
Uninfected,11390,0,0,0,0
Uninfected,11621.5,0,0,0,0
Uninfected,8788,0,0,0,0
Uninfected,13788,0,0,0,0
Uninfected,10221,0,0,0,0
Uninfected,11068.5,0,0,0,0
Uninfected,12105.5,0,0,0,0
Uninfected,12.5,11856.5,0,0,0
Uninfected,12326,0,0,0,0
Uninfected,19,10417.5,0,0,0
Uninfected,115,77,64.5,75,12649.5
Uninfected,11494,0,0,0,0
Uninfected,10929,0,0,0,0
Uninfected,11767.5,0,0,0,0
Uninfected,10663,0,0,0,0
Uninfected,13271.5,0,0,0,0
Uninfected,13056,0,0,0,0
Uninfected,14389.5,0,0,0,0
Uninfected,157,19690.5,0,0,0
Uninfected,18885,0,0,0,0
Uninfected,4878.5,0,0,0,0
Uninfected,9192.5,0,0,0,0
Uninfected,13935.5,0,0,0,0
Uninfected,5078.5,0,0,0,0
Uninfected,12279,0,0,0,0
Uninfected,13810,0,0,0,0
Uninfected,13801,0,0,0,0
Uninfected,7442.5,0,0,0,0
Uninfected,15011,0,0,0,0
Uninfected,10060.5,0,0,0,0
Uninfected,12732,0,0,0,0
Uninfected,6133.5,0,0,0,0
Uninfected,5717,7563,0,0,0
Uninfected,9306,0,0,0,0
Uninfected,13240.5,0,0,0,0
Uninfected,12258,0,0,0,0
Uninfected,8.5,12783,0,0,0
Uninfected,14774,0,0,0,0
Uninfected,8963,0,0,0,0
Uninfected,11329,0,0,0,0
Uninfected,8800,0,0,0,0
Uninfected,8009.5,0,0,0,0
Uninfected,26.5,44,18,4,16.5
Uninfected,2,173.5,2055.5,14.5,242.5
Uninfected,9316,0,0,0,0
Uninfected,12686,0,0,0,0
Uninfected,15207,0,0,0,0
Uninfected,10726,0,0,0,0
Uninfected,11997,0,0,0,0
Uninfected,14670,0,0,0,0
Uninfected,10754,0,0,0,0
Uninfected,15343,0,0,0,0
Uninfected,16767,0,0,0,0
Uninfected,10905.5,0,0,0,0
Uninfected,14946,0,0,0,0
Uninfected,5661.5,0,0,0,0
Uninfected,11719.5,0,0,0,0
Uninfected,0,166,136.5,13438.5,0
Uninfected,0,15,19613,0,0
Uninfected,8570,0,0,0,0
Uninfected,31,11215,0,0,0
Uninfected,13059,0,0,0,0
Uninfected,11391,0,0,0,0
Uninfected,11654,0,0,0,0
Uninfected,8176.5,0,0,0,0
Uninfected,10895.5,0,0,0,0
Uninfected,16160,0,0,0,0
Uninfected,10741,0,0,0,0
Uninfected,13596.5,0,0,0,0
Uninfected,8968.5,0,0,0,0
Uninfected,15395,0,0,0,0
Uninfected,11925.5,0,0,0,0
Uninfected,8299.5,0,0,0,0
Uninfected,13129,0,0,0,0
Uninfected,11757,0,0,0,0
Uninfected,9819.5,0,0,0,0
Uninfected,7599,0,0,0,0
Uninfected,10396,0,0,0,0
Uninfected,11716.5,0,0,0,0
Uninfected,9686.5,0,0,0,0
Uninfected,10607,0,0,0,0
Uninfected,12608,0,0,0,0
Uninfected,12443,0,0,0,0
Uninfected,11589.5,0,0,0,0
Uninfected,11496.5,0,0,0,0
Uninfected,10298,0,0,0,0
Uninfected,12956.5,0,0,0,0
Uninfected,12707.5,0,0,0,0
Uninfected,1,8584,0,0,0
Uninfected,11183.5,0,0,0,0
Uninfected,7867.5,0,0,0,0
Uninfected,13841.5,0,0,0,0
Uninfected,13612,0,0,0,0
Uninfected,8819,0,0,0,0
Uninfected,12846,0,0,0,0
Uninfected,11378,0,0,0,0
Uninfected,12856,0,0,0,0
Uninfected,12934.5,0,0,0,0
Uninfected,11286.5,0,0,0,0
Uninfected,11179.5,0,0,0,0
Uninfected,12586,0,0,0,0
Uninfected,14071,0,0,0,0
Uninfected,13213,0,0,0,0
Uninfected,9702.5,0,0,0,0
Uninfected,11960.5,0,0,0,0
Uninfected,14657,0,0,0,0
Uninfected,12110.5,0,0,0,0
Uninfected,10385,0,0,0,0
Uninfected,27300.5,0,0,0,0
Uninfected,18728,0,0,0,0
Uninfected,13300.5,0,0,0,0
Uninfected,14917.5,0,0,0,0
Uninfected,11014,0,0,0,0
Uninfected,16983.5,0,0,0,0
Uninfected,10163.5,0,0,0,0
Uninfected,11404,0,0,0,0
Uninfected,12161.5,0,0,0,0
Uninfected,11455.5,0,0,0,0
Uninfected,8975.5,0,0,0,0
Uninfected,15128,0,0,0,0
Uninfected,15641,0,0,0,0
Uninfected,16200,0,0,0,0
Uninfected,12984,0,0,0,0
Uninfected,5743.5,0,0,0,0
Uninfected,10877,0,0,0,0
Uninfected,8325,0,0,0,0
Uninfected,13990,0,0,0,0
Uninfected,7367.5,0,0,0,0
Uninfected,12323.5,0,0,0,0
Uninfected,11822,0,0,0,0
Uninfected,12686,0,0,0,0
Uninfected,11253.5,0,0,0,0
Uninfected,8825,0,0,0,0
Uninfected,6296.5,0,0,0,0
Uninfected,10631,0,0,0,0
Uninfected,12226,0,0,0,0
Uninfected,14235.5,0,0,0,0
Uninfected,7,60.5,7,2,33
Uninfected,10704.5,0,0,0,0
Uninfected,14097.5,0,0,0,0
Uninfected,16078.5,0,0,0,0
Uninfected,26,12294.5,0,0,0
Uninfected,7894,0,0,0,0
Uninfected,58,16854,0,0,0
Uninfected,11702,0,0,0,0
Uninfected,10486.5,0,0,0,0
Uninfected,8965.5,0,0,0,0
Uninfected,11347.5,0,0,0,0
Uninfected,9196.5,0,0,0,0
Uninfected,11558,0,0,0,0
Uninfected,9993,0,0,0,0
Uninfected,12280.5,0,0,0,0
Uninfected,9560,0,0,0,0
Uninfected,8436.5,0,0,0,0
Uninfected,8098,0,0,0,0
Uninfected,8965,0,0,0,0
Uninfected,11479.5,0,0,0,0
Uninfected,10649.5,0,0,0,0
Uninfected,12144,0,0,0,0
Uninfected,10888,0,0,0,0
Uninfected,51.5,16904,0,0,0
Uninfected,11916.5,0,0,0,0
Uninfected,14082,0,0,0,0
Uninfected,10008,0,0,0,0
Uninfected,9089.5,0,0,0,0
Uninfected,11415.5,0,0,0,0
Uninfected,12266.5,0,0,0,0
Uninfected,8600.5,0,0,0,0
Uninfected,14206,0,0,0,0
Uninfected,10275.5,0,0,0,0
Uninfected,11481.5,0,0,0,0
Uninfected,14605,0,0,0,0
Uninfected,12182.5,0,0,0,0
Uninfected,11627.5,0,0,0,0
Uninfected,15395,0,0,0,0
Uninfected,12264,0,0,0,0
Uninfected,14268.5,0,0,0,0
Uninfected,12489.5,0,0,0,0
Uninfected,11239.5,0,0,0,0
Uninfected,16829.5,0,0,0,0
Uninfected,13953,0,0,0,0
Uninfected,15338,0,0,0,0
Uninfected,12239,0,0,0,0
Uninfected,10279,0,0,0,0
Uninfected,9049.5,0,0,0,0
Uninfected,15747,0,0,0,0
Uninfected,14209,0,0,0,0
Uninfected,10882,0,0,0,0
Uninfected,6676.5,0,0,0,0
Uninfected,10932,0,0,0,0
Uninfected,11962.5,0,0,0,0
Uninfected,10821.5,0,0,0,0
Uninfected,13846.5,0,0,0,0
Uninfected,9022.5,0,0,0,0
Uninfected,12292.5,0,0,0,0
Uninfected,4374.5,0,0,0,0
Uninfected,11390,0,0,0,0
Uninfected,11621.5,0,0,0,0
Uninfected,8788,0,0,0,0
Uninfected,13788,0,0,0,0
Uninfected,10221,0,0,0,0
Uninfected,11068.5,0,0,0,0
Uninfected,12105.5,0,0,0,0
Uninfected,12.5,11856.5,0,0,0
Uninfected,12326,0,0,0,0
Uninfected,19,10417.5,0,0,0
Uninfected,115,77,64.5,75,12649.5
Uninfected,11494,0,0,0,0
Uninfected,10929,0,0,0,0
Uninfected,11767.5,0,0,0,0
Uninfected,10663,0,0,0,0
Uninfected,13271.5,0,0,0,0
Uninfected,13056,0,0,0,0
Uninfected,14389.5,0,0,0,0
Uninfected,157,19690.5,0,0,0
Uninfected,18885,0,0,0,0
Uninfected,4878.5,0,0,0,0
Uninfected,9192.5,0,0,0,0
Uninfected,13935.5,0,0,0,0
Uninfected,5078.5,0,0,0,0
Uninfected,12279,0,0,0,0
Uninfected,13810,0,0,0,0
Uninfected,13801,0,0,0,0
Uninfected,7442.5,0,0,0,0
Uninfected,15011,0,0,0,0
Uninfected,10060.5,0,0,0,0
Uninfected,12732,0,0,0,0
Uninfected,6133.5,0,0,0,0
Uninfected,5717,7563,0,0,0
Uninfected,9306,0,0,0,0
Uninfected,13240.5,0,0,0,0
Uninfected,12258,0,0,0,0
Uninfected,8.5,12783,0,0,0
Uninfected,14774,0,0,0,0
Uninfected,8963,0,0,0,0
Uninfected,11329,0,0,0,0
Uninfected,8800,0,0,0,0
Uninfected,8009.5,0,0,0,0
Uninfected,26.5,44,18,4,16.5
Uninfected,2,173.5,2055.5,14.5,242.5
Uninfected,9316,0,0,0,0
Uninfected,12686,0,0,0,0
Uninfected,15207,0,0,0,0
Uninfected,10726,0,0,0,0
Uninfected,11997,0,0,0,0
Uninfected,14670,0,0,0,0
Uninfected,10754,0,0,0,0
Uninfected,15343,0,0,0,0
Uninfected,16767,0,0,0,0
Uninfected,10905.5,0,0,0,0
Uninfected,14946,0,0,0,0
Uninfected,5661.5,0,0,0,0
Uninfected,11719.5,0,0,0,0
Uninfected,0,166,136.5,13438.5,0
Uninfected,0,15,19613,0,0
Uninfected,8570,0,0,0,0
Uninfected,31,11215,0,0,0
Uninfected,13059,0,0,0,0
Uninfected,11391,0,0,0,0
Uninfected,11654,0,0,0,0
Uninfected,8176.5,0,0,0,0
Uninfected,10895.5,0,0,0,0
Uninfected,16160,0,0,0,0
Uninfected,10741,0,0,0,0
Uninfected,13596.5,0,0,0,0
Uninfected,8968.5,0,0,0,0
Uninfected,15395,0,0,0,0
Uninfected,11925.5,0,0,0,0
Uninfected,8299.5,0,0,0,0
Uninfected,13129,0,0,0,0
Uninfected,11757,0,0,0,0
Uninfected,9819.5,0,0,0,0
Uninfected,7599,0,0,0,0
Uninfected,10396,0,0,0,0
Uninfected,11716.5,0,0,0,0
Uninfected,9686.5,0,0,0,0
Uninfected,10607,0,0,0,0
Uninfected,12608,0,0,0,0
Uninfected,12443,0,0,0,0
Uninfected,11589.5,0,0,0,0
Uninfected,11496.5,0,0,0,0
Uninfected,10298,0,0,0,0
Uninfected,12956.5,0,0,0,0
Uninfected,12707.5,0,0,0,0
Uninfected,1,8584,0,0,0
Uninfected,11183.5,0,0,0,0
Uninfected,7867.5,0,0,0,0
Uninfected,13841.5,0,0,0,0
Uninfected,13612,0,0,0,0
Uninfected,8819,0,0,0,0
Uninfected,12846,0,0,0,0
Uninfected,11378,0,0,0,0
Uninfected,12856,0,0,0,0
Uninfected,12934.5,0,0,0,0
Uninfected,11286.5,0,0,0,0
Uninfected,11179.5,0,0,0,0
Uninfected,12586,0,0,0,0
Uninfected,14071,0,0,0,0
Uninfected,13213,0,0,0,0
Uninfected,9702.5,0,0,0,0
Uninfected,11960.5,0,0,0,0
Uninfected,14657,0,0,0,0
Uninfected,12110.5,0,0,0,0
Uninfected,10385,0,0,0,0
Uninfected,27300.5,0,0,0,0
Uninfected,18728,0,0,0,0
Uninfected,13300.5,0,0,0,0
Uninfected,14917.5,0,0,0,0
Uninfected,11014,0,0,0,0
Uninfected,16983.5,0,0,0,0
Uninfected,10163.5,0,0,0,0
Uninfected,11404,0,0,0,0
Uninfected,12161.5,0,0,0,0
Uninfected,11455.5,0,0,0,0
Uninfected,8975.5,0,0,0,0
Uninfected,15128,0,0,0,0
Uninfected,15641,0,0,0,0
Uninfected,16200,0,0,0,0
Uninfected,12984,0,0,0,0
Uninfected,5743.5,0,0,0,0
Uninfected,10877,0,0,0,0
Uninfected,8325,0,0,0,0
Uninfected,13990,0,0,0,0
Uninfected,7367.5,0,0,0,0
Uninfected,12323.5,0,0,0,0
Uninfected,11822,0,0,0,0
Uninfected,12686,0,0,0,0
Uninfected,11253.5,0,0,0,0
Uninfected,8825,0,0,0,0
Uninfected,6296.5,0,0,0,0
Uninfected,10631,0,0,0,0
Uninfected,12226,0,0,0,0
Uninfected,14235.5,0,0,0,0
Uninfected,7,60.5,7,2,33
Uninfected,10704.5,0,0,0,0
Uninfected,14097.5,0,0,0,0
Uninfected,16078.5,0,0,0,0
Uninfected,26,12294.5,0,0,0
Uninfected,7894,0,0,0,0
Uninfected,58,16854,0,0,0
Uninfected,11702,0,0,0,0
Uninfected,10486.5,0,0,0,0
Uninfected,8965.5,0,0,0,0
Uninfected,11347.5,0,0,0,0
Uninfected,9196.5,0,0,0,0
Uninfected,11558,0,0,0,0
Uninfected,9993,0,0,0,0
Uninfected,12280.5,0,0,0,0
Uninfected,9560,0,0,0,0
Uninfected,8436.5,0,0,0,0